Form,Form ID,Question,Type
"Boiler, Pressure Vessels, Refrigeration Contractor Licence Application",811-11,"How long does it take to process my Boiler, Pressure Vessels, Refrigeration Contractor Licence application?",General Application Process
"Boiler, Pressure Vessels, Refrigeration Contractor Licence Application",811-11,What supporting documents do I need to submit along with this application form?,Documentation and Requirements
"Boiler, Pressure Vessels, Refrigeration Contractor Licence Application",811-11,How do I determine which license class is appropriate for my business activities?,License Classes and Eligibility
"Boiler, Pressure Vessels, Refrigeration Contractor Licence Application",811-11,Can I update my contact information or business details after submitting the application?,Contact Information and Updates
"Boiler, Pressure Vessels, Refrigeration Contractor Licence Application",811-11,How do I notify Technical Safety BC if there are changes to my business ownership or structure?,Contact Information and Updates
"Boiler, Pressure Vessels, Refrigeration Contractor Licence Application",811-11,"What are the fees associated with applying for a Boiler, Pressure Vessels, Refrigeration Contractor Licence?",Fees and Payments
"Boiler, Pressure Vessels, Refrigeration Contractor Licence Application",811-11,"How do I make the payment for the application fee, and what payment methods are accepted?",Fees and Payments
"Boiler, Pressure Vessels, Refrigeration Contractor Licence Application",811-11,"If I hold a license in another Canadian jurisdiction, do I need to submit additional documentation?",Out-of-Province Qualifications
"Boiler, Pressure Vessels, Refrigeration Contractor Licence Application",811-11,Will I receive a confirmation or reference number after submitting my application?,Post-Submission Process
"Boiler, Pressure Vessels, Refrigeration Contractor Licence Application",811-11,How can I check the progress of my application once it has been submitted?,Post-Submission Process
